Subject,Condition,topic,Social_Type,ToM_Count
s001,bot,art,nonsocial,0
s001,bot,boundaries,social,0
s001,bot,cooking,nonsocial,2
s001,bot,empathy,social,0
s001,bot,forgiveness,social,0
s001,bot,friendship,social,2
s001,bot,gardening,nonsocial,0
s001,bot,hobbies,social,0
s001,bot,loneliness,social,1
s001,bot,love,social,0
s001,bot,movies,nonsocial,0
s001,bot,photography,nonsocial,0
s001,bot,podcasts,nonsocial,0
s001,bot,role_models,social,0
s001,bot,social_media,social,0
s001,bot,space,nonsocial,1
s001,bot,sports,nonsocial,0
s001,bot,teamwork,social,0
s001,bot,travel,nonsocial,0
s001,bot,weather,nonsocial,0
s001,hum,architecture,nonsocial,0
s001,hum,books,nonsocial,1
s001,hum,cars,nonsocial,0
s001,hum,childhood_memories,social,1
s001,hum,communication,social,0
s001,hum,conflict,social,0
s001,hum,cultural_celebrations,social,0
s001,hum,exercise,nonsocial,0
s001,hum,family,social,0
s001,hum,fashion,nonsocial,0
s001,hum,food,nonsocial,1
s001,hum,goals,social,0
s001,hum,mentorship,social,1
s001,hum,music,nonsocial,1
s001,hum,nature,nonsocial,0
s001,hum,networks,social,2
s001,hum,seasons,nonsocial,0
s001,hum,technology,nonsocial,1
s001,hum,trust,social,1
s001,hum,work_life,social,0
s002,bot,architecture,nonsocial,0
s002,bot,art,nonsocial,0
s002,bot,books,nonsocial,0
s002,bot,conflict,social,0
s002,bot,cooking,nonsocial,1
s002,bot,cultural_celebrations,social,0
s002,bot,empathy,social,0
s002,bot,family,social,0
s002,bot,fashion,nonsocial,1
s002,bot,forgiveness,social,0
s002,bot,friendship,social,1
s002,bot,goals,social,0
s002,bot,love,social,2
s002,bot,nature,nonsocial,0
s002,bot,networks,social,0
s002,bot,seasons,nonsocial,0
s002,bot,space,nonsocial,0
s002,bot,teamwork,social,0
s002,bot,travel,nonsocial,1
s002,bot,weather,nonsocial,0
s002,hum,boundaries,social,0
s002,hum,cars,nonsocial,0
s002,hum,childhood_memories,social,1
s002,hum,communication,social,0
s002,hum,exercise,nonsocial,0
s002,hum,food,nonsocial,0
s002,hum,gardening,nonsocial,0
s002,hum,hobbies,social,0
s002,hum,loneliness,social,2
s002,hum,mentorship,social,1
s002,hum,movies,nonsocial,1
s002,hum,music,nonsocial,0
s002,hum,photography,nonsocial,1
s002,hum,podcasts,nonsocial,1
s002,hum,role_models,social,0
s002,hum,social_media,social,2
s002,hum,sports,nonsocial,1
s002,hum,technology,nonsocial,0
s002,hum,trust,social,1
s002,hum,work_life,social,0
s003,bot,architecture,nonsocial,0
s003,bot,art,nonsocial,0
s003,bot,communication,social,0
s003,bot,exercise,nonsocial,0
s003,bot,family,social,0
s003,bot,fashion,nonsocial,1
s003,bot,friendship,social,0
s003,bot,hobbies,social,0
s003,bot,love,social,1
s003,bot,mentorship,social,0
s003,bot,movies,nonsocial,0
s003,bot,nature,nonsocial,1
s003,bot,networks,social,0
s003,bot,podcasts,nonsocial,0
s003,bot,social_media,social,0
s003,bot,space,nonsocial,0
s003,bot,teamwork,social,0
s003,bot,technology,nonsocial,0
s003,bot,trust,social,1
s003,bot,weather,nonsocial,1
s003,hum,books,nonsocial,0
s003,hum,boundaries,social,0
s003,hum,cars,nonsocial,0
s003,hum,childhood_memories,social,1
s003,hum,conflict,social,0
s003,hum,cooking,nonsocial,0
s003,hum,cultural_celebrations,social,0
s003,hum,empathy,social,0
s003,hum,food,nonsocial,0
s003,hum,forgiveness,social,0
s003,hum,gardening,nonsocial,0
s003,hum,goals,social,0
s003,hum,loneliness,social,2
s003,hum,music,nonsocial,0
s003,hum,photography,nonsocial,0
s003,hum,role_models,social,0
s003,hum,seasons,nonsocial,0
s003,hum,sports,nonsocial,2
s003,hum,travel,nonsocial,0
s003,hum,work_life,social,0
s004,bot,architecture,nonsocial,0
s004,bot,art,nonsocial,0
s004,bot,communication,social,0
s004,bot,conflict,social,0
s004,bot,cultural_celebrations,social,0
s004,bot,empathy,social,0
s004,bot,family,social,0
s004,bot,fashion,nonsocial,1
s004,bot,forgiveness,social,0
s004,bot,gardening,nonsocial,1
s004,bot,hobbies,social,0
s004,bot,love,social,0
s004,bot,mentorship,social,0
s004,bot,movies,nonsocial,0
s004,bot,photography,nonsocial,1
s004,bot,podcasts,nonsocial,1
s004,bot,social_media,social,0
s004,bot,space,nonsocial,1
s004,bot,sports,nonsocial,0
s004,bot,travel,nonsocial,1
s004,hum,books,nonsocial,1
s004,hum,boundaries,social,0
s004,hum,cars,nonsocial,0
s004,hum,childhood_memories,social,1
s004,hum,cooking,nonsocial,0
s004,hum,exercise,nonsocial,0
s004,hum,food,nonsocial,0
s004,hum,friendship,social,1
s004,hum,goals,social,0
s004,hum,loneliness,social,0
s004,hum,music,nonsocial,0
s004,hum,nature,nonsocial,1
s004,hum,networks,social,0
s004,hum,role_models,social,0
s004,hum,seasons,nonsocial,0
s004,hum,teamwork,social,0
s004,hum,technology,nonsocial,1
s004,hum,trust,social,1
s004,hum,weather,nonsocial,0
s004,hum,work_life,social,0
s005,bot,architecture,nonsocial,0
s005,bot,cars,nonsocial,0
s005,bot,childhood_memories,social,1
s005,bot,communication,social,1
s005,bot,conflict,social,0
s005,bot,empathy,social,1
s005,bot,exercise,nonsocial,0
s005,bot,family,social,0
s005,bot,fashion,nonsocial,0
s005,bot,food,nonsocial,1
s005,bot,forgiveness,social,0
s005,bot,goals,social,0
s005,bot,loneliness,social,1
s005,bot,love,social,0
s005,bot,mentorship,social,0
s005,bot,music,nonsocial,0
s005,bot,podcasts,nonsocial,0
s005,bot,seasons,nonsocial,0
s005,bot,space,nonsocial,0
s005,bot,sports,nonsocial,1
s005,hum,art,nonsocial,0
s005,hum,books,nonsocial,1
s005,hum,boundaries,social,0
s005,hum,cooking,nonsocial,0
s005,hum,cultural_celebrations,social,0
s005,hum,friendship,social,2
s005,hum,gardening,nonsocial,0
s005,hum,hobbies,social,0
s005,hum,movies,nonsocial,1
s005,hum,nature,nonsocial,0
s005,hum,networks,social,1
s005,hum,photography,nonsocial,1
s005,hum,role_models,social,0
s005,hum,social_media,social,2
s005,hum,teamwork,social,1
s005,hum,technology,nonsocial,1
s005,hum,travel,nonsocial,1
s005,hum,trust,social,0
s005,hum,weather,nonsocial,0
s005,hum,work_life,social,0
s006,bot,architecture,nonsocial,0
s006,bot,art,nonsocial,0
s006,bot,communication,social,1
s006,bot,conflict,social,0
s006,bot,cooking,nonsocial,0
s006,bot,cultural_celebrations,social,0
s006,bot,empathy,social,1
s006,bot,exercise,nonsocial,0
s006,bot,family,social,0
s006,bot,fashion,nonsocial,1
s006,bot,friendship,social,1
s006,bot,mentorship,social,0
s006,bot,photography,nonsocial,1
s006,bot,podcasts,nonsocial,1
s006,bot,seasons,nonsocial,0
s006,bot,social_media,social,2
s006,bot,space,nonsocial,0
s006,bot,trust,social,1
s006,bot,weather,nonsocial,0
s006,bot,work_life,social,0
s006,hum,books,nonsocial,2
s006,hum,boundaries,social,0
s006,hum,cars,nonsocial,0
s006,hum,childhood_memories,social,1
s006,hum,food,nonsocial,0
s006,hum,forgiveness,social,0
s006,hum,gardening,nonsocial,0
s006,hum,goals,social,0
s006,hum,hobbies,social,1
s006,hum,loneliness,social,1
s006,hum,love,social,0
s006,hum,movies,nonsocial,0
s006,hum,music,nonsocial,0
s006,hum,nature,nonsocial,0
s006,hum,networks,social,1
s006,hum,role_models,social,0
s006,hum,sports,nonsocial,1
s006,hum,teamwork,social,0
s006,hum,technology,nonsocial,0
s006,hum,travel,nonsocial,1
s007,bot,art,nonsocial,0
s007,bot,books,nonsocial,1
s007,bot,boundaries,social,0
s007,bot,cars,nonsocial,0
s007,bot,childhood_memories,social,0
s007,bot,communication,social,0
s007,bot,cooking,nonsocial,0
s007,bot,empathy,social,0
s007,bot,family,social,0
s007,bot,food,nonsocial,0
s007,bot,friendship,social,1
s007,bot,gardening,nonsocial,1
s007,bot,love,social,1
s007,bot,music,nonsocial,0
s007,bot,nature,nonsocial,1
s007,bot,role_models,social,0
s007,bot,seasons,nonsocial,0
s007,bot,teamwork,social,0
s007,bot,technology,nonsocial,0
s007,bot,trust,social,1
s007,hum,architecture,nonsocial,0
s007,hum,conflict,social,0
s007,hum,cultural_celebrations,social,0
s007,hum,exercise,nonsocial,0
s007,hum,fashion,nonsocial,0
s007,hum,forgiveness,social,2
s007,hum,goals,social,0
s007,hum,hobbies,social,0
s007,hum,loneliness,social,1
s007,hum,mentorship,social,0
s007,hum,movies,nonsocial,1
s007,hum,networks,social,0
s007,hum,photography,nonsocial,0
s007,hum,podcasts,nonsocial,0
s007,hum,social_media,social,1
s007,hum,space,nonsocial,0
s007,hum,sports,nonsocial,0
s007,hum,travel,nonsocial,1
s007,hum,weather,nonsocial,0
s007,hum,work_life,social,0
s008,bot,art,nonsocial,0
s008,bot,boundaries,social,0
s008,bot,cars,nonsocial,0
s008,bot,cooking,nonsocial,0
s008,bot,empathy,social,0
s008,bot,fashion,nonsocial,0
s008,bot,friendship,social,1
s008,bot,goals,social,0
s008,bot,hobbies,social,0
s008,bot,loneliness,social,0
s008,bot,mentorship,social,0
s008,bot,music,nonsocial,1
s008,bot,podcasts,nonsocial,0
s008,bot,space,nonsocial,2
s008,bot,sports,nonsocial,0
s008,bot,teamwork,social,0
s008,bot,travel,nonsocial,0
s008,bot,trust,social,1
s008,bot,weather,nonsocial,0
s008,bot,work_life,social,0
s008,hum,architecture,nonsocial,0
s008,hum,books,nonsocial,0
s008,hum,childhood_memories,social,1
s008,hum,communication,social,0
s008,hum,conflict,social,0
s008,hum,cultural_celebrations,social,0
s008,hum,exercise,nonsocial,0
s008,hum,family,social,0
s008,hum,food,nonsocial,0
s008,hum,forgiveness,social,0
s008,hum,gardening,nonsocial,0
s008,hum,love,social,0
s008,hum,movies,nonsocial,1
s008,hum,nature,nonsocial,0
s008,hum,networks,social,0
s008,hum,photography,nonsocial,2
s008,hum,role_models,social,0
s008,hum,seasons,nonsocial,0
s008,hum,social_media,social,1
s008,hum,technology,nonsocial,1
s009,bot,art,nonsocial,0
s009,bot,books,nonsocial,2
s009,bot,boundaries,social,0
s009,bot,cars,nonsocial,0
s009,bot,communication,social,0
s009,bot,cooking,nonsocial,0
s009,bot,cultural_celebrations,social,0
s009,bot,empathy,social,2
s009,bot,food,nonsocial,0
s009,bot,friendship,social,1
s009,bot,goals,social,0
s009,bot,hobbies,social,1
s009,bot,love,social,4
s009,bot,mentorship,social,0
s009,bot,music,nonsocial,0
s009,bot,podcasts,nonsocial,0
s009,bot,space,nonsocial,1
s009,bot,teamwork,social,0
s009,bot,technology,nonsocial,1
s009,bot,weather,nonsocial,0
s009,hum,architecture,nonsocial,1
s009,hum,childhood_memories,social,1
s009,hum,conflict,social,0
s009,hum,exercise,nonsocial,0
s009,hum,family,social,0
s009,hum,fashion,nonsocial,2
s009,hum,forgiveness,social,0
s009,hum,gardening,nonsocial,0
s009,hum,loneliness,social,1
s009,hum,movies,nonsocial,0
s009,hum,nature,nonsocial,0
s009,hum,networks,social,0
s009,hum,photography,nonsocial,0
s009,hum,role_models,social,0
s009,hum,seasons,nonsocial,0
s009,hum,social_media,social,1
s009,hum,sports,nonsocial,1
s009,hum,travel,nonsocial,0
s009,hum,trust,social,1
s009,hum,work_life,social,0
s010,bot,books,nonsocial,0
s010,bot,childhood_memories,social,0
s010,bot,communication,social,0
s010,bot,conflict,social,0
s010,bot,cooking,nonsocial,0
s010,bot,exercise,nonsocial,0
s010,bot,family,social,0
s010,bot,food,nonsocial,0
s010,bot,goals,social,0
s010,bot,loneliness,social,1
s010,bot,love,social,0
s010,bot,mentorship,social,0
s010,bot,music,nonsocial,0
s010,bot,networks,social,2
s010,bot,photography,nonsocial,0
s010,bot,podcasts,nonsocial,0
s010,bot,space,nonsocial,1
s010,bot,travel,nonsocial,0
s010,bot,weather,nonsocial,0
s010,bot,work_life,social,0
s010,hum,architecture,nonsocial,0
s010,hum,art,nonsocial,0
s010,hum,boundaries,social,0
s010,hum,cars,nonsocial,0
s010,hum,cultural_celebrations,social,0
s010,hum,empathy,social,1
s010,hum,fashion,nonsocial,1
s010,hum,forgiveness,social,1
s010,hum,friendship,social,0
s010,hum,gardening,nonsocial,0
s010,hum,hobbies,social,0
s010,hum,movies,nonsocial,0
s010,hum,nature,nonsocial,0
s010,hum,role_models,social,0
s010,hum,seasons,nonsocial,0
s010,hum,social_media,social,1
s010,hum,sports,nonsocial,1
s010,hum,teamwork,social,0
s010,hum,technology,nonsocial,1
s010,hum,trust,social,0
s011,bot,books,nonsocial,0
s011,bot,boundaries,social,0
s011,bot,childhood_memories,social,0
s011,bot,cooking,nonsocial,0
s011,bot,cultural_celebrations,social,0
s011,bot,family,social,0
s011,bot,fashion,nonsocial,0
s011,bot,gardening,nonsocial,0
s011,bot,hobbies,social,0
s011,bot,loneliness,social,0
s011,bot,music,nonsocial,0
s011,bot,nature,nonsocial,0
s011,bot,networks,social,0
s011,bot,role_models,social,0
s011,bot,seasons,nonsocial,0
s011,bot,space,nonsocial,0
s011,bot,sports,nonsocial,2
s011,bot,teamwork,social,0
s011,bot,travel,nonsocial,0
s011,bot,work_life,social,0
s011,hum,architecture,nonsocial,1
s011,hum,art,nonsocial,1
s011,hum,cars,nonsocial,0
s011,hum,communication,social,0
s011,hum,conflict,social,0
s011,hum,empathy,social,2
s011,hum,exercise,nonsocial,1
s011,hum,food,nonsocial,0
s011,hum,forgiveness,social,1
s011,hum,friendship,social,2
s011,hum,goals,social,0
s011,hum,love,social,1
s011,hum,mentorship,social,0
s011,hum,movies,nonsocial,0
s011,hum,photography,nonsocial,0
s011,hum,podcasts,nonsocial,0
s011,hum,social_media,social,0
s011,hum,technology,nonsocial,0
s011,hum,trust,social,0
s011,hum,weather,nonsocial,1
s012,bot,art,nonsocial,0
s012,bot,boundaries,social,0
s012,bot,cars,nonsocial,0
s012,bot,childhood_memories,social,0
s012,bot,cultural_celebrations,social,0
s012,bot,family,social,0
s012,bot,fashion,nonsocial,0
s012,bot,gardening,nonsocial,0
s012,bot,hobbies,social,0
s012,bot,loneliness,social,1
s012,bot,movies,nonsocial,0
s012,bot,music,nonsocial,0
s012,bot,networks,social,0
s012,bot,podcasts,nonsocial,0
s012,bot,role_models,social,0
s012,bot,space,nonsocial,1
s012,bot,sports,nonsocial,2
s012,bot,teamwork,social,0
s012,bot,travel,nonsocial,0
s012,bot,work_life,social,0
s012,hum,architecture,nonsocial,1
s012,hum,books,nonsocial,1
s012,hum,communication,social,0
s012,hum,conflict,social,0
s012,hum,cooking,nonsocial,0
s012,hum,empathy,social,0
s012,hum,exercise,nonsocial,0
s012,hum,food,nonsocial,0
s012,hum,forgiveness,social,1
s012,hum,friendship,social,1
s012,hum,goals,social,0
s012,hum,love,social,1
s012,hum,mentorship,social,0
s012,hum,nature,nonsocial,0
s012,hum,photography,nonsocial,0
s012,hum,seasons,nonsocial,0
s012,hum,social_media,social,1
s012,hum,technology,nonsocial,0
s012,hum,trust,social,0
s012,hum,weather,nonsocial,0
s013,bot,art,nonsocial,0
s013,bot,books,nonsocial,0
s013,bot,cars,nonsocial,0
s013,bot,childhood_memories,social,0
s013,bot,cooking,nonsocial,0
s013,bot,cultural_celebrations,social,0
s013,bot,empathy,social,1
s013,bot,family,social,0
s013,bot,forgiveness,social,1
s013,bot,gardening,nonsocial,0
s013,bot,hobbies,social,0
s013,bot,movies,nonsocial,0
s013,bot,nature,nonsocial,0
s013,bot,role_models,social,0
s013,bot,seasons,nonsocial,0
s013,bot,social_media,social,0
s013,bot,technology,nonsocial,0
s013,bot,trust,social,1
s013,bot,weather,nonsocial,0
s013,bot,work_life,social,0
s013,hum,architecture,nonsocial,1
s013,hum,boundaries,social,0
s013,hum,communication,social,0
s013,hum,conflict,social,0
s013,hum,exercise,nonsocial,0
s013,hum,fashion,nonsocial,1
s013,hum,food,nonsocial,1
s013,hum,friendship,social,1
s013,hum,goals,social,0
s013,hum,loneliness,social,0
s013,hum,love,social,0
s013,hum,mentorship,social,0
s013,hum,music,nonsocial,0
s013,hum,networks,social,2
s013,hum,photography,nonsocial,0
s013,hum,podcasts,nonsocial,0
s013,hum,space,nonsocial,0
s013,hum,sports,nonsocial,3
s013,hum,teamwork,social,0
s013,hum,travel,nonsocial,0
s014,bot,architecture,nonsocial,0
s014,bot,cars,nonsocial,0
s014,bot,conflict,social,0
s014,bot,cooking,nonsocial,0
s014,bot,cultural_celebrations,social,0
s014,bot,empathy,social,0
s014,bot,exercise,nonsocial,0
s014,bot,food,nonsocial,0
s014,bot,forgiveness,social,0
s014,bot,goals,social,1
s014,bot,hobbies,social,0
s014,bot,mentorship,social,0
s014,bot,nature,nonsocial,2
s014,bot,podcasts,nonsocial,0
s014,bot,social_media,social,0
s014,bot,sports,nonsocial,0
s014,bot,travel,nonsocial,1
s014,bot,trust,social,0
s014,bot,weather,nonsocial,0
s014,bot,work_life,social,0
s014,hum,art,nonsocial,0
s014,hum,books,nonsocial,0
s014,hum,boundaries,social,0
s014,hum,childhood_memories,social,1
s014,hum,communication,social,0
s014,hum,family,social,0
s014,hum,fashion,nonsocial,1
s014,hum,friendship,social,3
s014,hum,gardening,nonsocial,0
s014,hum,loneliness,social,1
s014,hum,love,social,2
s014,hum,movies,nonsocial,1
s014,hum,music,nonsocial,0
s014,hum,networks,social,1
s014,hum,photography,nonsocial,0
s014,hum,role_models,social,0
s014,hum,seasons,nonsocial,0
s014,hum,space,nonsocial,1
s014,hum,teamwork,social,0
s014,hum,technology,nonsocial,0
s015,bot,architecture,nonsocial,2
s015,bot,boundaries,social,0
s015,bot,cars,nonsocial,0
s015,bot,conflict,social,0
s015,bot,cooking,nonsocial,0
s015,bot,cultural_celebrations,social,0
s015,bot,empathy,social,0
s015,bot,exercise,nonsocial,1
s015,bot,fashion,nonsocial,1
s015,bot,forgiveness,social,0
s015,bot,friendship,social,2
s015,bot,gardening,nonsocial,0
s015,bot,goals,social,0
s015,bot,loneliness,social,1
s015,bot,networks,social,0
s015,bot,seasons,nonsocial,0
s015,bot,space,nonsocial,0
s015,bot,sports,nonsocial,0
s015,bot,technology,nonsocial,0
s015,bot,work_life,social,0
s015,hum,art,nonsocial,0
s015,hum,books,nonsocial,0
s015,hum,childhood_memories,social,1
s015,hum,communication,social,0
s015,hum,family,social,0
s015,hum,food,nonsocial,1
s015,hum,hobbies,social,0
s015,hum,love,social,1
s015,hum,mentorship,social,0
s015,hum,movies,nonsocial,0
s015,hum,music,nonsocial,0
s015,hum,nature,nonsocial,0
s015,hum,photography,nonsocial,1
s015,hum,podcasts,nonsocial,0
s015,hum,role_models,social,0
s015,hum,social_media,social,1
s015,hum,teamwork,social,0
s015,hum,travel,nonsocial,0
s015,hum,trust,social,0
s015,hum,weather,nonsocial,0
s016,bot,architecture,nonsocial,0
s016,bot,books,nonsocial,0
s016,bot,childhood_memories,social,0
s016,bot,cultural_celebrations,social,0
s016,bot,empathy,social,0
s016,bot,exercise,nonsocial,0
s016,bot,fashion,nonsocial,1
s016,bot,forgiveness,social,2
s016,bot,friendship,social,1
s016,bot,goals,social,0
s016,bot,music,nonsocial,0
s016,bot,photography,nonsocial,1
s016,bot,role_models,social,0
s016,bot,seasons,nonsocial,0
s016,bot,social_media,social,0
s016,bot,space,nonsocial,1
s016,bot,teamwork,social,0
s016,bot,travel,nonsocial,0
s016,bot,trust,social,1
s016,bot,weather,nonsocial,0
s016,hum,art,nonsocial,1
s016,hum,boundaries,social,0
s016,hum,cars,nonsocial,0
s016,hum,communication,social,0
s016,hum,conflict,social,0
s016,hum,cooking,nonsocial,0
s016,hum,family,social,0
s016,hum,food,nonsocial,0
s016,hum,gardening,nonsocial,0
s016,hum,hobbies,social,1
s016,hum,loneliness,social,3
s016,hum,love,social,0
s016,hum,mentorship,social,0
s016,hum,movies,nonsocial,0
s016,hum,nature,nonsocial,0
s016,hum,networks,social,0
s016,hum,podcasts,nonsocial,0
s016,hum,sports,nonsocial,1
s016,hum,technology,nonsocial,1
s016,hum,work_life,social,0
s017,bot,art,nonsocial,0
s017,bot,boundaries,social,0
s017,bot,cars,nonsocial,1
s017,bot,communication,social,0
s017,bot,cultural_celebrations,social,0
s017,bot,empathy,social,0
s017,bot,family,social,0
s017,bot,food,nonsocial,0
s017,bot,friendship,social,2
s017,bot,gardening,nonsocial,0
s017,bot,hobbies,social,0
s017,bot,movies,nonsocial,2
s017,bot,music,nonsocial,0
s017,bot,networks,social,0
s017,bot,photography,nonsocial,0
s017,bot,seasons,nonsocial,1
s017,bot,sports,nonsocial,0
s017,bot,technology,nonsocial,0
s017,bot,trust,social,1
s017,bot,work_life,social,0
s017,hum,architecture,nonsocial,0
s017,hum,books,nonsocial,1
s017,hum,childhood_memories,social,1
s017,hum,conflict,social,0
s017,hum,cooking,nonsocial,0
s017,hum,exercise,nonsocial,0
s017,hum,fashion,nonsocial,1
s017,hum,forgiveness,social,1
s017,hum,goals,social,0
s017,hum,loneliness,social,2
s017,hum,love,social,1
s017,hum,mentorship,social,0
s017,hum,nature,nonsocial,1
s017,hum,podcasts,nonsocial,1
s017,hum,role_models,social,0
s017,hum,social_media,social,1
s017,hum,space,nonsocial,0
s017,hum,teamwork,social,0
s017,hum,travel,nonsocial,0
s017,hum,weather,nonsocial,0
s018,bot,architecture,nonsocial,0
s018,bot,boundaries,social,0
s018,bot,cars,nonsocial,0
s018,bot,communication,social,0
s018,bot,cooking,nonsocial,0
s018,bot,cultural_celebrations,social,0
s018,bot,exercise,nonsocial,0
s018,bot,family,social,0
s018,bot,fashion,nonsocial,1
s018,bot,friendship,social,1
s018,bot,gardening,nonsocial,1
s018,bot,hobbies,social,0
s018,bot,loneliness,social,0
s018,bot,mentorship,social,0
s018,bot,networks,social,0
s018,bot,seasons,nonsocial,1
s018,bot,space,nonsocial,0
s018,bot,sports,nonsocial,0
s018,bot,teamwork,social,0
s018,bot,travel,nonsocial,0
s018,hum,art,nonsocial,2
s018,hum,books,nonsocial,1
s018,hum,childhood_memories,social,1
s018,hum,conflict,social,0
s018,hum,empathy,social,0
s018,hum,food,nonsocial,0
s018,hum,forgiveness,social,0
s018,hum,goals,social,0
s018,hum,love,social,0
s018,hum,movies,nonsocial,1
s018,hum,music,nonsocial,0
s018,hum,nature,nonsocial,0
s018,hum,photography,nonsocial,4
s018,hum,podcasts,nonsocial,1
s018,hum,role_models,social,0
s018,hum,social_media,social,1
s018,hum,technology,nonsocial,0
s018,hum,trust,social,4
s018,hum,weather,nonsocial,0
s018,hum,work_life,social,0
s019,bot,art,nonsocial,0
s019,bot,childhood_memories,social,1
s019,bot,cooking,nonsocial,0
s019,bot,cultural_celebrations,social,0
s019,bot,empathy,social,1
s019,bot,family,social,1
s019,bot,food,nonsocial,0
s019,bot,forgiveness,social,0
s019,bot,gardening,nonsocial,0
s019,bot,goals,social,0
s019,bot,hobbies,social,0
s019,bot,movies,nonsocial,1
s019,bot,nature,nonsocial,0
s019,bot,role_models,social,0
s019,bot,seasons,nonsocial,0
s019,bot,space,nonsocial,1
s019,bot,sports,nonsocial,0
s019,bot,technology,nonsocial,0
s019,bot,trust,social,0
s019,bot,work_life,social,0
s019,hum,architecture,nonsocial,0
s019,hum,books,nonsocial,0
s019,hum,boundaries,social,0
s019,hum,cars,nonsocial,0
s019,hum,communication,social,0
s019,hum,conflict,social,0
s019,hum,exercise,nonsocial,0
s019,hum,fashion,nonsocial,0
s019,hum,friendship,social,1
s019,hum,loneliness,social,1
s019,hum,love,social,0
s019,hum,mentorship,social,0
s019,hum,music,nonsocial,0
s019,hum,networks,social,1
s019,hum,photography,nonsocial,0
s019,hum,podcasts,nonsocial,0
s019,hum,social_media,social,1
s019,hum,teamwork,social,0
s019,hum,travel,nonsocial,1
s019,hum,weather,nonsocial,0
s020,bot,art,nonsocial,0
s020,bot,books,nonsocial,1
s020,bot,boundaries,social,0
s020,bot,conflict,social,0
s020,bot,cooking,nonsocial,0
s020,bot,cultural_celebrations,social,0
s020,bot,family,social,0
s020,bot,food,nonsocial,0
s020,bot,friendship,social,1
s020,bot,loneliness,social,1
s020,bot,movies,nonsocial,0
s020,bot,nature,nonsocial,0
s020,bot,networks,social,0
s020,bot,podcasts,nonsocial,0
s020,bot,role_models,social,0
s020,bot,space,nonsocial,0
s020,bot,teamwork,social,0
s020,bot,technology,nonsocial,1
s020,bot,weather,nonsocial,0
s020,bot,work_life,social,0
s020,hum,architecture,nonsocial,0
s020,hum,cars,nonsocial,0
s020,hum,childhood_memories,social,0
s020,hum,communication,social,1
s020,hum,empathy,social,0
s020,hum,exercise,nonsocial,0
s020,hum,fashion,nonsocial,1
s020,hum,forgiveness,social,1
s020,hum,gardening,nonsocial,0
s020,hum,goals,social,0
s020,hum,hobbies,social,0
s020,hum,love,social,4
s020,hum,mentorship,social,1
s020,hum,music,nonsocial,0
s020,hum,photography,nonsocial,0
s020,hum,seasons,nonsocial,0
s020,hum,social_media,social,1
s020,hum,sports,nonsocial,1
s020,hum,travel,nonsocial,0
s020,hum,trust,social,1
s021,bot,architecture,nonsocial,0
s021,bot,art,nonsocial,0
s021,bot,books,nonsocial,0
s021,bot,boundaries,social,0
s021,bot,cars,nonsocial,0
s021,bot,communication,social,0
s021,bot,conflict,social,0
s021,bot,cultural_celebrations,social,0
s021,bot,fashion,nonsocial,0
s021,bot,friendship,social,1
s021,bot,gardening,nonsocial,1
s021,bot,loneliness,social,0
s021,bot,mentorship,social,0
s021,bot,movies,nonsocial,0
s021,bot,photography,nonsocial,1
s021,bot,role_models,social,1
s021,bot,seasons,nonsocial,0
s021,bot,social_media,social,0
s021,bot,technology,nonsocial,0
s021,bot,work_life,social,0
s021,hum,childhood_memories,social,1
s021,hum,cooking,nonsocial,0
s021,hum,empathy,social,3
s021,hum,exercise,nonsocial,0
s021,hum,family,social,0
s021,hum,food,nonsocial,0
s021,hum,forgiveness,social,0
s021,hum,goals,social,0
s021,hum,hobbies,social,0
s021,hum,love,social,0
s021,hum,music,nonsocial,0
s021,hum,nature,nonsocial,0
s021,hum,networks,social,2
s021,hum,podcasts,nonsocial,0
s021,hum,space,nonsocial,0
s021,hum,sports,nonsocial,1
s021,hum,teamwork,social,0
s021,hum,travel,nonsocial,0
s021,hum,trust,social,0
s021,hum,weather,nonsocial,0
s022,bot,boundaries,social,0
s022,bot,communication,social,0
s022,bot,cooking,nonsocial,0
s022,bot,cultural_celebrations,social,0
s022,bot,empathy,social,0
s022,bot,exercise,nonsocial,0
s022,bot,fashion,nonsocial,1
s022,bot,food,nonsocial,0
s022,bot,friendship,social,1
s022,bot,hobbies,social,0
s022,bot,loneliness,social,0
s022,bot,movies,nonsocial,1
s022,bot,nature,nonsocial,0
s022,bot,photography,nonsocial,0
s022,bot,role_models,social,0
s022,bot,seasons,nonsocial,0
s022,bot,social_media,social,0
s022,bot,sports,nonsocial,0
s022,bot,technology,nonsocial,0
s022,bot,work_life,social,0
s022,hum,architecture,nonsocial,1
s022,hum,art,nonsocial,0
s022,hum,books,nonsocial,2
s022,hum,cars,nonsocial,0
s022,hum,childhood_memories,social,1
s022,hum,conflict,social,0
s022,hum,family,social,0
s022,hum,forgiveness,social,0
s022,hum,gardening,nonsocial,0
s022,hum,goals,social,0
s022,hum,love,social,1
s022,hum,mentorship,social,0
s022,hum,music,nonsocial,0
s022,hum,networks,social,0
s022,hum,podcasts,nonsocial,0
s022,hum,space,nonsocial,0
s022,hum,teamwork,social,0
s022,hum,travel,nonsocial,0
s022,hum,trust,social,3
s022,hum,weather,nonsocial,0
s023,bot,art,nonsocial,0
s023,bot,boundaries,social,1
s023,bot,cars,nonsocial,0
s023,bot,conflict,social,0
s023,bot,cooking,nonsocial,0
s023,bot,cultural_celebrations,social,0
s023,bot,exercise,nonsocial,0
s023,bot,family,social,1
s023,bot,fashion,nonsocial,2
s023,bot,food,nonsocial,0
s023,bot,forgiveness,social,0
s023,bot,hobbies,social,0
s023,bot,loneliness,social,1
s023,bot,mentorship,social,0
s023,bot,movies,nonsocial,0
s023,bot,photography,nonsocial,0
s023,bot,podcasts,nonsocial,2
s023,bot,role_models,social,0
s023,bot,teamwork,social,0
s023,bot,technology,nonsocial,0
s023,hum,architecture,nonsocial,1
s023,hum,books,nonsocial,1
s023,hum,childhood_memories,social,1
s023,hum,communication,social,0
s023,hum,empathy,social,0
s023,hum,friendship,social,1
s023,hum,gardening,nonsocial,1
s023,hum,goals,social,0
s023,hum,love,social,2
s023,hum,music,nonsocial,0
s023,hum,nature,nonsocial,0
s023,hum,networks,social,0
s023,hum,seasons,nonsocial,0
s023,hum,social_media,social,2
s023,hum,space,nonsocial,0
s023,hum,sports,nonsocial,1
s023,hum,travel,nonsocial,1
s023,hum,trust,social,2
s023,hum,weather,nonsocial,0
s023,hum,work_life,social,0
s024,bot,architecture,nonsocial,0
s024,bot,art,nonsocial,0
s024,bot,boundaries,social,0
s024,bot,conflict,social,0
s024,bot,cultural_celebrations,social,0
s024,bot,exercise,nonsocial,0
s024,bot,family,social,0
s024,bot,fashion,nonsocial,0
s024,bot,forgiveness,social,0
s024,bot,friendship,social,1
s024,bot,gardening,nonsocial,0
s024,bot,loneliness,social,0
s024,bot,mentorship,social,0
s024,bot,movies,nonsocial,0
s024,bot,nature,nonsocial,0
s024,bot,networks,social,0
s024,bot,photography,nonsocial,0
s024,bot,seasons,nonsocial,0
s024,bot,technology,nonsocial,0
s024,bot,work_life,social,1
s024,hum,books,nonsocial,0
s024,hum,cars,nonsocial,0
s024,hum,childhood_memories,social,1
s024,hum,communication,social,0
s024,hum,cooking,nonsocial,0
s024,hum,empathy,social,0
s024,hum,food,nonsocial,1
s024,hum,goals,social,0
s024,hum,hobbies,social,0
s024,hum,love,social,0
s024,hum,music,nonsocial,0
s024,hum,podcasts,nonsocial,0
s024,hum,role_models,social,0
s024,hum,social_media,social,0
s024,hum,space,nonsocial,1
s024,hum,sports,nonsocial,2
s024,hum,teamwork,social,0
s024,hum,travel,nonsocial,1
s024,hum,trust,social,1
s024,hum,weather,nonsocial,0
s025,bot,architecture,nonsocial,0
s025,bot,art,nonsocial,0
s025,bot,books,nonsocial,0
s025,bot,boundaries,social,0
s025,bot,conflict,social,0
s025,bot,empathy,social,0
s025,bot,fashion,nonsocial,1
s025,bot,forgiveness,social,0
s025,bot,gardening,nonsocial,0
s025,bot,goals,social,0
s025,bot,hobbies,social,1
s025,bot,loneliness,social,1
s025,bot,love,social,0
s025,bot,mentorship,social,0
s025,bot,music,nonsocial,0
s025,bot,nature,nonsocial,0
s025,bot,podcasts,nonsocial,2
s025,bot,seasons,nonsocial,0
s025,bot,space,nonsocial,0
s025,bot,teamwork,social,0
s025,hum,cars,nonsocial,0
s025,hum,childhood_memories,social,1
s025,hum,communication,social,0
s025,hum,cooking,nonsocial,0
s025,hum,cultural_celebrations,social,0
s025,hum,exercise,nonsocial,0
s025,hum,family,social,0
s025,hum,food,nonsocial,0
s025,hum,friendship,social,1
s025,hum,movies,nonsocial,1
s025,hum,networks,social,2
s025,hum,photography,nonsocial,0
s025,hum,role_models,social,1
s025,hum,social_media,social,1
s025,hum,sports,nonsocial,1
s025,hum,technology,nonsocial,2
s025,hum,travel,nonsocial,0
s025,hum,trust,social,0
s025,hum,weather,nonsocial,0
s025,hum,work_life,social,0
s026,bot,architecture,nonsocial,1
s026,bot,art,nonsocial,0
s026,bot,books,nonsocial,0
s026,bot,boundaries,social,1
s026,bot,cars,nonsocial,0
s026,bot,communication,social,1
s026,bot,conflict,social,0
s026,bot,family,social,0
s026,bot,food,nonsocial,0
s026,bot,friendship,social,2
s026,bot,loneliness,social,2
s026,bot,love,social,1
s026,bot,music,nonsocial,0
s026,bot,nature,nonsocial,1
s026,bot,networks,social,0
s026,bot,role_models,social,0
s026,bot,seasons,nonsocial,0
s026,bot,teamwork,social,0
s026,bot,travel,nonsocial,0
s026,bot,weather,nonsocial,0
s026,hum,childhood_memories,social,1
s026,hum,cooking,nonsocial,0
s026,hum,cultural_celebrations,social,0
s026,hum,empathy,social,0
s026,hum,exercise,nonsocial,0
s026,hum,fashion,nonsocial,2
s026,hum,forgiveness,social,0
s026,hum,gardening,nonsocial,0
s026,hum,goals,social,0
s026,hum,hobbies,social,0
s026,hum,mentorship,social,0
s026,hum,movies,nonsocial,1
s026,hum,photography,nonsocial,0
s026,hum,podcasts,nonsocial,0
s026,hum,social_media,social,1
s026,hum,space,nonsocial,0
s026,hum,sports,nonsocial,1
s026,hum,technology,nonsocial,0
s026,hum,trust,social,1
s026,hum,work_life,social,0
s027,bot,books,nonsocial,0
s027,bot,boundaries,social,1
s027,bot,conflict,social,0
s027,bot,cooking,nonsocial,0
s027,bot,food,nonsocial,0
s027,bot,goals,social,0
s027,bot,hobbies,social,0
s027,bot,loneliness,social,0
s027,bot,love,social,1
s027,bot,mentorship,social,0
s027,bot,music,nonsocial,1
s027,bot,nature,nonsocial,1
s027,bot,photography,nonsocial,0
s027,bot,podcasts,nonsocial,0
s027,bot,role_models,social,0
s027,bot,sports,nonsocial,0
s027,bot,teamwork,social,0
s027,bot,travel,nonsocial,1
s027,bot,weather,nonsocial,1
s027,bot,work_life,social,0
s027,hum,architecture,nonsocial,0
s027,hum,art,nonsocial,0
s027,hum,cars,nonsocial,0
s027,hum,childhood_memories,social,1
s027,hum,communication,social,0
s027,hum,cultural_celebrations,social,0
s027,hum,empathy,social,0
s027,hum,exercise,nonsocial,0
s027,hum,family,social,0
s027,hum,fashion,nonsocial,2
s027,hum,forgiveness,social,0
s027,hum,friendship,social,2
s027,hum,gardening,nonsocial,1
s027,hum,movies,nonsocial,2
s027,hum,networks,social,1
s027,hum,seasons,nonsocial,0
s027,hum,social_media,social,0
s027,hum,space,nonsocial,1
s027,hum,technology,nonsocial,0
s027,hum,trust,social,0
s028,bot,architecture,nonsocial,0
s028,bot,art,nonsocial,0
s028,bot,communication,social,0
s028,bot,cooking,nonsocial,0
s028,bot,cultural_celebrations,social,0
s028,bot,empathy,social,1
s028,bot,food,nonsocial,0
s028,bot,forgiveness,social,0
s028,bot,friendship,social,2
s028,bot,goals,social,0
s028,bot,hobbies,social,0
s028,bot,love,social,0
s028,bot,nature,nonsocial,0
s028,bot,podcasts,nonsocial,0
s028,bot,role_models,social,0
s028,bot,social_media,social,0
s028,bot,space,nonsocial,0
s028,bot,sports,nonsocial,0
s028,bot,technology,nonsocial,0
s028,bot,weather,nonsocial,0
s028,hum,books,nonsocial,0
s028,hum,boundaries,social,0
s028,hum,cars,nonsocial,1
s028,hum,childhood_memories,social,1
s028,hum,conflict,social,0
s028,hum,exercise,nonsocial,0
s028,hum,family,social,0
s028,hum,fashion,nonsocial,2
s028,hum,gardening,nonsocial,0
s028,hum,loneliness,social,1
s028,hum,mentorship,social,0
s028,hum,movies,nonsocial,2
s028,hum,music,nonsocial,0
s028,hum,networks,social,0
s028,hum,photography,nonsocial,0
s028,hum,seasons,nonsocial,0
s028,hum,teamwork,social,0
s028,hum,travel,nonsocial,0
s028,hum,trust,social,1
s028,hum,work_life,social,0
s029,bot,architecture,nonsocial,1
s029,bot,art,nonsocial,0
s029,bot,communication,social,0
s029,bot,conflict,social,0
s029,bot,cultural_celebrations,social,0
s029,bot,exercise,nonsocial,0
s029,bot,fashion,nonsocial,0
s029,bot,gardening,nonsocial,1
s029,bot,goals,social,0
s029,bot,hobbies,social,0
s029,bot,mentorship,social,1
s029,bot,music,nonsocial,0
s029,bot,networks,social,0
s029,bot,photography,nonsocial,0
s029,bot,seasons,nonsocial,0
s029,bot,social_media,social,0
s029,bot,space,nonsocial,0
s029,bot,teamwork,social,0
s029,bot,technology,nonsocial,0
s029,bot,trust,social,1
s029,hum,books,nonsocial,0
s029,hum,boundaries,social,0
s029,hum,cars,nonsocial,0
s029,hum,childhood_memories,social,1
s029,hum,cooking,nonsocial,0
s029,hum,empathy,social,0
s029,hum,family,social,0
s029,hum,food,nonsocial,1
s029,hum,forgiveness,social,1
s029,hum,friendship,social,2
s029,hum,loneliness,social,1
s029,hum,love,social,0
s029,hum,movies,nonsocial,2
s029,hum,nature,nonsocial,0
s029,hum,podcasts,nonsocial,0
s029,hum,role_models,social,0
s029,hum,sports,nonsocial,0
s029,hum,travel,nonsocial,1
s029,hum,weather,nonsocial,0
s029,hum,work_life,social,0
s030,bot,architecture,nonsocial,1
s030,bot,books,nonsocial,0
s030,bot,cars,nonsocial,0
s030,bot,conflict,social,0
s030,bot,cultural_celebrations,social,0
s030,bot,exercise,nonsocial,0
s030,bot,family,social,0
s030,bot,food,nonsocial,0
s030,bot,gardening,nonsocial,0
s030,bot,goals,social,0
s030,bot,hobbies,social,0
s030,bot,loneliness,social,1
s030,bot,mentorship,social,0
s030,bot,movies,nonsocial,0
s030,bot,networks,social,0
s030,bot,photography,nonsocial,1
s030,bot,podcasts,nonsocial,0
s030,bot,teamwork,social,0
s030,bot,travel,nonsocial,0
s030,bot,work_life,social,0
s030,hum,art,nonsocial,1
s030,hum,boundaries,social,0
s030,hum,childhood_memories,social,1
s030,hum,communication,social,0
s030,hum,cooking,nonsocial,0
s030,hum,empathy,social,0
s030,hum,fashion,nonsocial,1
s030,hum,forgiveness,social,3
s030,hum,friendship,social,1
s030,hum,love,social,4
s030,hum,music,nonsocial,0
s030,hum,nature,nonsocial,1
s030,hum,role_models,social,1
s030,hum,seasons,nonsocial,0
s030,hum,social_media,social,0
s030,hum,space,nonsocial,0
s030,hum,sports,nonsocial,1
s030,hum,technology,nonsocial,0
s030,hum,trust,social,1
s030,hum,weather,nonsocial,1
s031,bot,art,nonsocial,0
s031,bot,books,nonsocial,1
s031,bot,childhood_memories,social,0
s031,bot,cooking,nonsocial,0
s031,bot,cultural_celebrations,social,0
s031,bot,food,nonsocial,0
s031,bot,forgiveness,social,0
s031,bot,friendship,social,2
s031,bot,goals,social,0
s031,bot,loneliness,social,0
s031,bot,mentorship,social,0
s031,bot,movies,nonsocial,0
s031,bot,nature,nonsocial,0
s031,bot,photography,nonsocial,0
s031,bot,podcasts,nonsocial,1
s031,bot,role_models,social,0
s031,bot,social_media,social,0
s031,bot,teamwork,social,0
s031,bot,technology,nonsocial,1
s031,bot,weather,nonsocial,0
s031,hum,architecture,nonsocial,0
s031,hum,boundaries,social,0
s031,hum,cars,nonsocial,0
s031,hum,communication,social,1
s031,hum,conflict,social,0
s031,hum,empathy,social,1
s031,hum,exercise,nonsocial,0
s031,hum,family,social,0
s031,hum,fashion,nonsocial,0
s031,hum,gardening,nonsocial,0
s031,hum,hobbies,social,0
s031,hum,love,social,1
s031,hum,music,nonsocial,0
s031,hum,networks,social,0
s031,hum,seasons,nonsocial,0
s031,hum,space,nonsocial,2
s031,hum,sports,nonsocial,0
s031,hum,travel,nonsocial,0
s031,hum,trust,social,0
s031,hum,work_life,social,0
s032,bot,art,nonsocial,0
s032,bot,childhood_memories,social,0
s032,bot,communication,social,1
s032,bot,conflict,social,0
s032,bot,cooking,nonsocial,0
s032,bot,cultural_celebrations,social,1
s032,bot,exercise,nonsocial,0
s032,bot,family,social,0
s032,bot,fashion,nonsocial,1
s032,bot,forgiveness,social,0
s032,bot,gardening,nonsocial,0
s032,bot,mentorship,social,0
s032,bot,music,nonsocial,0
s032,bot,nature,nonsocial,1
s032,bot,podcasts,nonsocial,0
s032,bot,role_models,social,0
s032,bot,seasons,nonsocial,0
s032,bot,social_media,social,0
s032,bot,space,nonsocial,0
s032,bot,trust,social,1
s032,hum,architecture,nonsocial,0
s032,hum,books,nonsocial,1
s032,hum,boundaries,social,0
s032,hum,cars,nonsocial,0
s032,hum,empathy,social,0
s032,hum,food,nonsocial,1
s032,hum,friendship,social,1
s032,hum,goals,social,0
s032,hum,hobbies,social,0
s032,hum,loneliness,social,2
s032,hum,love,social,1
s032,hum,movies,nonsocial,0
s032,hum,networks,social,0
s032,hum,photography,nonsocial,1
s032,hum,sports,nonsocial,2
s032,hum,teamwork,social,0
s032,hum,technology,nonsocial,0
s032,hum,travel,nonsocial,0
s032,hum,weather,nonsocial,0
s032,hum,work_life,social,0
s033,bot,architecture,nonsocial,1
s033,bot,art,nonsocial,0
s033,bot,cars,nonsocial,0
s033,bot,childhood_memories,social,0
s033,bot,cooking,nonsocial,0
s033,bot,family,social,0
s033,bot,forgiveness,social,0
s033,bot,gardening,nonsocial,0
s033,bot,goals,social,1
s033,bot,hobbies,social,1
s033,bot,loneliness,social,0
s033,bot,love,social,1
s033,bot,mentorship,social,0
s033,bot,role_models,social,0
s033,bot,space,nonsocial,2
s033,bot,sports,nonsocial,0
s033,bot,teamwork,social,0
s033,bot,technology,nonsocial,0
s033,bot,travel,nonsocial,0
s033,bot,weather,nonsocial,0
s033,hum,books,nonsocial,1
s033,hum,boundaries,social,1
s033,hum,communication,social,0
s033,hum,conflict,social,0
s033,hum,cultural_celebrations,social,0
s033,hum,empathy,social,0
s033,hum,exercise,nonsocial,0
s033,hum,fashion,nonsocial,1
s033,hum,food,nonsocial,0
s033,hum,friendship,social,3
s033,hum,movies,nonsocial,2
s033,hum,music,nonsocial,0
s033,hum,nature,nonsocial,0
s033,hum,networks,social,0
s033,hum,photography,nonsocial,0
s033,hum,podcasts,nonsocial,1
s033,hum,seasons,nonsocial,0
s033,hum,social_media,social,4
s033,hum,trust,social,0
s033,hum,work_life,social,0
s034,bot,art,nonsocial,1
s034,bot,books,nonsocial,0
s034,bot,cooking,nonsocial,0
s034,bot,family,social,0
s034,bot,food,nonsocial,0
s034,bot,forgiveness,social,0
s034,bot,friendship,social,1
s034,bot,gardening,nonsocial,0
s034,bot,goals,social,0
s034,bot,hobbies,social,0
s034,bot,love,social,1
s034,bot,mentorship,social,0
s034,bot,movies,nonsocial,0
s034,bot,nature,nonsocial,0
s034,bot,photography,nonsocial,0
s034,bot,role_models,social,0
s034,bot,seasons,nonsocial,0
s034,bot,teamwork,social,0
s034,bot,travel,nonsocial,0
s034,bot,trust,social,1
s034,hum,architecture,nonsocial,1
s034,hum,boundaries,social,0
s034,hum,cars,nonsocial,0
s034,hum,childhood_memories,social,1
s034,hum,communication,social,0
s034,hum,conflict,social,0
s034,hum,cultural_celebrations,social,0
s034,hum,empathy,social,3
s034,hum,exercise,nonsocial,0
s034,hum,fashion,nonsocial,1
s034,hum,loneliness,social,0
s034,hum,music,nonsocial,0
s034,hum,networks,social,0
s034,hum,podcasts,nonsocial,0
s034,hum,social_media,social,1
s034,hum,space,nonsocial,1
s034,hum,sports,nonsocial,2
s034,hum,technology,nonsocial,0
s034,hum,weather,nonsocial,0
s034,hum,work_life,social,0
s035,bot,architecture,nonsocial,0
s035,bot,art,nonsocial,0
s035,bot,childhood_memories,social,0
s035,bot,cooking,nonsocial,0
s035,bot,exercise,nonsocial,0
s035,bot,family,social,0
s035,bot,food,nonsocial,0
s035,bot,forgiveness,social,0
s035,bot,friendship,social,2
s035,bot,gardening,nonsocial,0
s035,bot,goals,social,0
s035,bot,loneliness,social,1
s035,bot,mentorship,social,1
s035,bot,nature,nonsocial,1
s035,bot,networks,social,0
s035,bot,photography,nonsocial,1
s035,bot,podcasts,nonsocial,0
s035,bot,seasons,nonsocial,0
s035,bot,teamwork,social,0
s035,bot,trust,social,1
s035,hum,books,nonsocial,0
s035,hum,boundaries,social,0
s035,hum,cars,nonsocial,0
s035,hum,communication,social,0
s035,hum,conflict,social,0
s035,hum,cultural_celebrations,social,0
s035,hum,empathy,social,2
s035,hum,fashion,nonsocial,1
s035,hum,hobbies,social,0
s035,hum,love,social,0
s035,hum,movies,nonsocial,1
s035,hum,music,nonsocial,0
s035,hum,role_models,social,0
s035,hum,social_media,social,1
s035,hum,space,nonsocial,0
s035,hum,sports,nonsocial,3
s035,hum,technology,nonsocial,2
s035,hum,travel,nonsocial,1
s035,hum,weather,nonsocial,0
s035,hum,work_life,social,0
s036,bot,cars,nonsocial,0
s036,bot,childhood_memories,social,0
s036,bot,communication,social,0
s036,bot,cooking,nonsocial,0
s036,bot,cultural_celebrations,social,0
s036,bot,exercise,nonsocial,0
s036,bot,fashion,nonsocial,0
s036,bot,goals,social,0
s036,bot,hobbies,social,0
s036,bot,music,nonsocial,0
s036,bot,networks,social,1
s036,bot,role_models,social,0
s036,bot,seasons,nonsocial,0
s036,bot,social_media,social,1
s036,bot,space,nonsocial,0
s036,bot,sports,nonsocial,1
s036,bot,teamwork,social,0
s036,bot,travel,nonsocial,1
s036,bot,trust,social,1
s036,bot,weather,nonsocial,0
s036,hum,architecture,nonsocial,0
s036,hum,art,nonsocial,0
s036,hum,books,nonsocial,0
s036,hum,boundaries,social,0
s036,hum,conflict,social,0
s036,hum,empathy,social,0
s036,hum,family,social,0
s036,hum,food,nonsocial,0
s036,hum,forgiveness,social,1
s036,hum,friendship,social,2
s036,hum,gardening,nonsocial,0
s036,hum,loneliness,social,3
s036,hum,love,social,0
s036,hum,mentorship,social,0
s036,hum,movies,nonsocial,1
s036,hum,nature,nonsocial,2
s036,hum,photography,nonsocial,0
s036,hum,podcasts,nonsocial,1
s036,hum,technology,nonsocial,0
s036,hum,work_life,social,0
s037,bot,architecture,nonsocial,0
s037,bot,books,nonsocial,1
s037,bot,childhood_memories,social,0
s037,bot,communication,social,0
s037,bot,conflict,social,0
s037,bot,cultural_celebrations,social,0
s037,bot,gardening,nonsocial,0
s037,bot,goals,social,0
s037,bot,loneliness,social,1
s037,bot,mentorship,social,1
s037,bot,movies,nonsocial,0
s037,bot,nature,nonsocial,0
s037,bot,podcasts,nonsocial,0
s037,bot,role_models,social,0
s037,bot,social_media,social,0
s037,bot,space,nonsocial,0
s037,bot,sports,nonsocial,0
s037,bot,technology,nonsocial,0
s037,bot,weather,nonsocial,0
s037,bot,work_life,social,0
s037,hum,art,nonsocial,0
s037,hum,boundaries,social,0
s037,hum,cars,nonsocial,2
s037,hum,cooking,nonsocial,0
s037,hum,empathy,social,1
s037,hum,exercise,nonsocial,1
s037,hum,family,social,0
s037,hum,fashion,nonsocial,0
s037,hum,food,nonsocial,0
s037,hum,forgiveness,social,0
s037,hum,friendship,social,2
s037,hum,hobbies,social,0
s037,hum,love,social,2
s037,hum,music,nonsocial,1
s037,hum,networks,social,1
s037,hum,photography,nonsocial,1
s037,hum,seasons,nonsocial,0
s037,hum,teamwork,social,1
s037,hum,travel,nonsocial,1
s037,hum,trust,social,1
s038,bot,boundaries,social,0
s038,bot,cars,nonsocial,0
s038,bot,childhood_memories,social,0
s038,bot,communication,social,1
s038,bot,cooking,nonsocial,0
s038,bot,cultural_celebrations,social,0
s038,bot,exercise,nonsocial,0
s038,bot,fashion,nonsocial,0
s038,bot,hobbies,social,0
s038,bot,mentorship,social,1
s038,bot,movies,nonsocial,1
s038,bot,networks,social,1
s038,bot,photography,nonsocial,0
s038,bot,podcasts,nonsocial,0
s038,bot,social_media,social,0
s038,bot,sports,nonsocial,1
s038,bot,technology,nonsocial,0
s038,bot,trust,social,1
s038,bot,weather,nonsocial,0
s038,bot,work_life,social,0
s038,hum,architecture,nonsocial,0
s038,hum,art,nonsocial,1
s038,hum,books,nonsocial,1
s038,hum,conflict,social,0
s038,hum,empathy,social,0
s038,hum,family,social,0
s038,hum,food,nonsocial,0
s038,hum,forgiveness,social,0
s038,hum,friendship,social,1
s038,hum,gardening,nonsocial,1
s038,hum,goals,social,0
s038,hum,loneliness,social,1
s038,hum,love,social,0
s038,hum,music,nonsocial,0
s038,hum,nature,nonsocial,0
s038,hum,role_models,social,0
s038,hum,seasons,nonsocial,0
s038,hum,space,nonsocial,0
s038,hum,teamwork,social,0
s038,hum,travel,nonsocial,1
s039,bot,art,nonsocial,0
s039,bot,cars,nonsocial,0
s039,bot,communication,social,1
s039,bot,conflict,social,1
s039,bot,empathy,social,1
s039,bot,exercise,nonsocial,0
s039,bot,fashion,nonsocial,1
s039,bot,friendship,social,3
s039,bot,gardening,nonsocial,1
s039,bot,goals,social,1
s039,bot,loneliness,social,0
s039,bot,movies,nonsocial,1
s039,bot,music,nonsocial,0
s039,bot,photography,nonsocial,0
s039,bot,role_models,social,0
s039,bot,seasons,nonsocial,1
s039,bot,social_media,social,0
s039,bot,teamwork,social,0
s039,bot,technology,nonsocial,0
s039,bot,trust,social,1
s039,hum,architecture,nonsocial,0
s039,hum,books,nonsocial,1
s039,hum,boundaries,social,0
s039,hum,childhood_memories,social,1
s039,hum,cooking,nonsocial,0
s039,hum,cultural_celebrations,social,0
s039,hum,family,social,0
s039,hum,food,nonsocial,0
s039,hum,forgiveness,social,2
s039,hum,hobbies,social,0
s039,hum,love,social,1
s039,hum,mentorship,social,0
s039,hum,nature,nonsocial,2
s039,hum,networks,social,0
s039,hum,podcasts,nonsocial,1
s039,hum,space,nonsocial,0
s039,hum,sports,nonsocial,1
s039,hum,travel,nonsocial,0
s039,hum,weather,nonsocial,0
s039,hum,work_life,social,0
s040,bot,architecture,nonsocial,0
s040,bot,books,nonsocial,0
s040,bot,cars,nonsocial,0
s040,bot,communication,social,1
s040,bot,conflict,social,0
s040,bot,cooking,nonsocial,0
s040,bot,family,social,0
s040,bot,fashion,nonsocial,0
s040,bot,hobbies,social,0
s040,bot,love,social,1
s040,bot,mentorship,social,3
s040,bot,nature,nonsocial,0
s040,bot,role_models,social,0
s040,bot,seasons,nonsocial,0
s040,bot,social_media,social,0
s040,bot,sports,nonsocial,0
s040,bot,teamwork,social,0
s040,bot,technology,nonsocial,0
s040,bot,trust,social,0
s040,bot,weather,nonsocial,0
s040,hum,art,nonsocial,0
s040,hum,boundaries,social,0
s040,hum,childhood_memories,social,1
s040,hum,cultural_celebrations,social,0
s040,hum,empathy,social,0
s040,hum,exercise,nonsocial,0
s040,hum,food,nonsocial,0
s040,hum,forgiveness,social,0
s040,hum,friendship,social,2
s040,hum,gardening,nonsocial,0
s040,hum,goals,social,0
s040,hum,loneliness,social,2
s040,hum,movies,nonsocial,0
s040,hum,music,nonsocial,0
s040,hum,networks,social,0
s040,hum,photography,nonsocial,1
s040,hum,podcasts,nonsocial,0
s040,hum,space,nonsocial,0
s040,hum,travel,nonsocial,1
s040,hum,work_life,social,0
s041,bot,architecture,nonsocial,1
s041,bot,books,nonsocial,1
s041,bot,boundaries,social,1
s041,bot,communication,social,0
s041,bot,conflict,social,0
s041,bot,exercise,nonsocial,0
s041,bot,family,social,0
s041,bot,food,nonsocial,0
s041,bot,friendship,social,1
s041,bot,gardening,nonsocial,0
s041,bot,loneliness,social,4
s041,bot,mentorship,social,0
s041,bot,movies,nonsocial,0
s041,bot,photography,nonsocial,0
s041,bot,podcasts,nonsocial,0
s041,bot,role_models,social,1
s041,bot,space,nonsocial,0
s041,bot,technology,nonsocial,0
s041,bot,trust,social,1
s041,bot,work_life,social,0
s041,hum,art,nonsocial,0
s041,hum,cars,nonsocial,2
s041,hum,childhood_memories,social,1
s041,hum,cooking,nonsocial,0
s041,hum,cultural_celebrations,social,0
s041,hum,empathy,social,1
s041,hum,fashion,nonsocial,1
s041,hum,forgiveness,social,0
s041,hum,goals,social,0
s041,hum,hobbies,social,0
s041,hum,love,social,0
s041,hum,music,nonsocial,0
s041,hum,nature,nonsocial,0
s041,hum,networks,social,0
s041,hum,seasons,nonsocial,0
s041,hum,social_media,social,0
s041,hum,sports,nonsocial,1
s041,hum,teamwork,social,0
s041,hum,travel,nonsocial,1
s041,hum,weather,nonsocial,0
s042,bot,art,nonsocial,0
s042,bot,cars,nonsocial,0
s042,bot,communication,social,1
s042,bot,cooking,nonsocial,0
s042,bot,cultural_celebrations,social,0
s042,bot,empathy,social,1
s042,bot,family,social,0
s042,bot,friendship,social,2
s042,bot,gardening,nonsocial,0
s042,bot,goals,social,0
s042,bot,hobbies,social,0
s042,bot,loneliness,social,0
s042,bot,movies,nonsocial,0
s042,bot,networks,social,0
s042,bot,photography,nonsocial,0
s042,bot,seasons,nonsocial,0
s042,bot,sports,nonsocial,0
s042,bot,technology,nonsocial,0
s042,bot,weather,nonsocial,0
s042,bot,work_life,social,0
s042,hum,architecture,nonsocial,1
s042,hum,books,nonsocial,0
s042,hum,boundaries,social,1
s042,hum,childhood_memories,social,1
s042,hum,conflict,social,0
s042,hum,exercise,nonsocial,0
s042,hum,fashion,nonsocial,1
s042,hum,food,nonsocial,0
s042,hum,forgiveness,social,1
s042,hum,love,social,0
s042,hum,mentorship,social,0
s042,hum,music,nonsocial,0
s042,hum,nature,nonsocial,0
s042,hum,podcasts,nonsocial,1
s042,hum,role_models,social,0
s042,hum,social_media,social,0
s042,hum,space,nonsocial,0
s042,hum,teamwork,social,0
s042,hum,travel,nonsocial,1
s042,hum,trust,social,0
s043,bot,architecture,nonsocial,0
s043,bot,books,nonsocial,0
s043,bot,communication,social,0
s043,bot,cooking,nonsocial,0
s043,bot,cultural_celebrations,social,0
s043,bot,exercise,nonsocial,0
s043,bot,food,nonsocial,1
s043,bot,friendship,social,1
s043,bot,goals,social,0
s043,bot,hobbies,social,0
s043,bot,nature,nonsocial,1
s043,bot,networks,social,1
s043,bot,podcasts,nonsocial,0
s043,bot,role_models,social,0
s043,bot,social_media,social,0
s043,bot,space,nonsocial,0
s043,bot,teamwork,social,0
s043,bot,technology,nonsocial,1
s043,bot,trust,social,1
s043,bot,weather,nonsocial,0
s043,hum,art,nonsocial,1
s043,hum,boundaries,social,0
s043,hum,cars,nonsocial,0
s043,hum,childhood_memories,social,1
s043,hum,conflict,social,0
s043,hum,empathy,social,3
s043,hum,family,social,0
s043,hum,fashion,nonsocial,2
s043,hum,forgiveness,social,0
s043,hum,gardening,nonsocial,0
s043,hum,loneliness,social,0
s043,hum,love,social,2
s043,hum,mentorship,social,1
s043,hum,movies,nonsocial,0
s043,hum,music,nonsocial,1
s043,hum,photography,nonsocial,1
s043,hum,seasons,nonsocial,0
s043,hum,sports,nonsocial,1
s043,hum,travel,nonsocial,1
s043,hum,work_life,social,0
s044,bot,architecture,nonsocial,0
s044,bot,art,nonsocial,0
s044,bot,books,nonsocial,0
s044,bot,boundaries,social,0
s044,bot,childhood_memories,social,0
s044,bot,cultural_celebrations,social,0
s044,bot,fashion,nonsocial,1
s044,bot,food,nonsocial,0
s044,bot,forgiveness,social,1
s044,bot,friendship,social,0
s044,bot,goals,social,0
s044,bot,love,social,1
s044,bot,movies,nonsocial,0
s044,bot,nature,nonsocial,0
s044,bot,networks,social,0
s044,bot,photography,nonsocial,0
s044,bot,role_models,social,0
s044,bot,seasons,nonsocial,0
s044,bot,travel,nonsocial,0
s044,bot,work_life,social,0
s044,hum,cars,nonsocial,1
s044,hum,communication,social,0
s044,hum,conflict,social,0
s044,hum,cooking,nonsocial,0
s044,hum,empathy,social,1
s044,hum,exercise,nonsocial,1
s044,hum,family,social,0
s044,hum,gardening,nonsocial,0
s044,hum,hobbies,social,0
s044,hum,loneliness,social,1
s044,hum,mentorship,social,0
s044,hum,music,nonsocial,0
s044,hum,podcasts,nonsocial,0
s044,hum,social_media,social,1
s044,hum,space,nonsocial,0
s044,hum,sports,nonsocial,2
s044,hum,teamwork,social,0
s044,hum,technology,nonsocial,0
s044,hum,trust,social,1
s044,hum,weather,nonsocial,0
s045,bot,architecture,nonsocial,1
s045,bot,books,nonsocial,0
s045,bot,boundaries,social,0
s045,bot,communication,social,0
s045,bot,cooking,nonsocial,0
s045,bot,cultural_celebrations,social,0
s045,bot,family,social,0
s045,bot,friendship,social,3
s045,bot,gardening,nonsocial,0
s045,bot,hobbies,social,0
s045,bot,nature,nonsocial,0
s045,bot,networks,social,0
s045,bot,photography,nonsocial,1
s045,bot,role_models,social,0
s045,bot,seasons,nonsocial,0
s045,bot,sports,nonsocial,0
s045,bot,teamwork,social,0
s045,bot,travel,nonsocial,1
s045,bot,trust,social,1
s045,bot,weather,nonsocial,0
s045,hum,art,nonsocial,0
s045,hum,cars,nonsocial,0
s045,hum,childhood_memories,social,1
s045,hum,conflict,social,0
s045,hum,empathy,social,0
s045,hum,exercise,nonsocial,0
s045,hum,fashion,nonsocial,2
s045,hum,food,nonsocial,0
s045,hum,forgiveness,social,0
s045,hum,goals,social,0
s045,hum,loneliness,social,1
s045,hum,love,social,0
s045,hum,mentorship,social,0
s045,hum,movies,nonsocial,0
s045,hum,music,nonsocial,1
s045,hum,podcasts,nonsocial,1
s045,hum,social_media,social,1
s045,hum,space,nonsocial,0
s045,hum,technology,nonsocial,0
s045,hum,work_life,social,0
s046,bot,architecture,nonsocial,1
s046,bot,art,nonsocial,0
s046,bot,childhood_memories,social,0
s046,bot,communication,social,0
s046,bot,exercise,nonsocial,0
s046,bot,family,social,1
s046,bot,food,nonsocial,0
s046,bot,friendship,social,0
s046,bot,goals,social,0
s046,bot,love,social,1
s046,bot,mentorship,social,0
s046,bot,music,nonsocial,0
s046,bot,nature,nonsocial,0
s046,bot,networks,social,0
s046,bot,seasons,nonsocial,0
s046,bot,space,nonsocial,0
s046,bot,travel,nonsocial,1
s046,bot,trust,social,3
s046,bot,weather,nonsocial,0
s046,bot,work_life,social,0
s046,hum,books,nonsocial,0
s046,hum,boundaries,social,1
s046,hum,cars,nonsocial,0
s046,hum,conflict,social,0
s046,hum,cooking,nonsocial,1
s046,hum,cultural_celebrations,social,0
s046,hum,empathy,social,0
s046,hum,fashion,nonsocial,1
s046,hum,forgiveness,social,2
s046,hum,gardening,nonsocial,0
s046,hum,hobbies,social,0
s046,hum,loneliness,social,2
s046,hum,movies,nonsocial,0
s046,hum,photography,nonsocial,0
s046,hum,podcasts,nonsocial,1
s046,hum,role_models,social,0
s046,hum,social_media,social,1
s046,hum,sports,nonsocial,0
s046,hum,teamwork,social,0
s046,hum,technology,nonsocial,0
s047,bot,architecture,nonsocial,0
s047,bot,art,nonsocial,0
s047,bot,boundaries,social,1
s047,bot,cars,nonsocial,0
s047,bot,childhood_memories,social,0
s047,bot,conflict,social,0
s047,bot,cooking,nonsocial,0
s047,bot,family,social,0
s047,bot,forgiveness,social,1
s047,bot,gardening,nonsocial,0
s047,bot,loneliness,social,0
s047,bot,love,social,0
s047,bot,nature,nonsocial,0
s047,bot,networks,social,0
s047,bot,podcasts,nonsocial,0
s047,bot,role_models,social,0
s047,bot,seasons,nonsocial,0
s047,bot,sports,nonsocial,0
s047,bot,teamwork,social,0
s047,bot,weather,nonsocial,1
s047,hum,books,nonsocial,1
s047,hum,communication,social,0
s047,hum,cultural_celebrations,social,0
s047,hum,empathy,social,1
s047,hum,exercise,nonsocial,0
s047,hum,fashion,nonsocial,0
s047,hum,food,nonsocial,2
s047,hum,friendship,social,2
s047,hum,goals,social,0
s047,hum,hobbies,social,1
s047,hum,mentorship,social,0
s047,hum,movies,nonsocial,1
s047,hum,music,nonsocial,0
s047,hum,photography,nonsocial,1
s047,hum,social_media,social,1
s047,hum,space,nonsocial,0
s047,hum,technology,nonsocial,0
s047,hum,travel,nonsocial,0
s047,hum,trust,social,0
s047,hum,work_life,social,0
s048,bot,architecture,nonsocial,0
s048,bot,art,nonsocial,0
s048,bot,childhood_memories,social,0
s048,bot,conflict,social,0
s048,bot,cultural_celebrations,social,0
s048,bot,empathy,social,0
s048,bot,exercise,nonsocial,0
s048,bot,family,social,0
s048,bot,food,nonsocial,0
s048,bot,goals,social,0
s048,bot,love,social,1
s048,bot,movies,nonsocial,0
s048,bot,nature,nonsocial,0
s048,bot,networks,social,0
s048,bot,photography,nonsocial,0
s048,bot,podcasts,nonsocial,0
s048,bot,seasons,nonsocial,0
s048,bot,teamwork,social,1
s048,bot,weather,nonsocial,1
s048,bot,work_life,social,0
s048,hum,books,nonsocial,1
s048,hum,boundaries,social,1
s048,hum,cars,nonsocial,0
s048,hum,communication,social,0
s048,hum,cooking,nonsocial,0
s048,hum,fashion,nonsocial,0
s048,hum,forgiveness,social,1
s048,hum,friendship,social,1
s048,hum,gardening,nonsocial,1
s048,hum,hobbies,social,0
s048,hum,loneliness,social,0
s048,hum,mentorship,social,0
s048,hum,music,nonsocial,2
s048,hum,role_models,social,0
s048,hum,social_media,social,1
s048,hum,space,nonsocial,1
s048,hum,sports,nonsocial,2
s048,hum,technology,nonsocial,1
s048,hum,travel,nonsocial,1
s048,hum,trust,social,0
s049,bot,art,nonsocial,0
s049,bot,cars,nonsocial,0
s049,bot,conflict,social,0
s049,bot,exercise,nonsocial,0
s049,bot,family,social,0
s049,bot,food,nonsocial,0
s049,bot,forgiveness,social,0
s049,bot,goals,social,0
s049,bot,hobbies,social,0
s049,bot,loneliness,social,0
s049,bot,love,social,1
s049,bot,mentorship,social,0
s049,bot,movies,nonsocial,0
s049,bot,music,nonsocial,0
s049,bot,nature,nonsocial,0
s049,bot,networks,social,0
s049,bot,podcasts,nonsocial,1
s049,bot,seasons,nonsocial,0
s049,bot,weather,nonsocial,0
s049,bot,work_life,social,0
s049,hum,architecture,nonsocial,0
s049,hum,books,nonsocial,1
s049,hum,boundaries,social,0
s049,hum,childhood_memories,social,1
s049,hum,communication,social,0
s049,hum,cooking,nonsocial,1
s049,hum,cultural_celebrations,social,0
s049,hum,empathy,social,0
s049,hum,fashion,nonsocial,1
s049,hum,friendship,social,2
s049,hum,gardening,nonsocial,0
s049,hum,photography,nonsocial,1
s049,hum,role_models,social,0
s049,hum,social_media,social,1
s049,hum,space,nonsocial,0
s049,hum,sports,nonsocial,1
s049,hum,teamwork,social,0
s049,hum,technology,nonsocial,0
s049,hum,travel,nonsocial,0
s049,hum,trust,social,1
s050,bot,books,nonsocial,0
s050,bot,boundaries,social,0
s050,bot,childhood_memories,social,0
s050,bot,communication,social,1
s050,bot,cooking,nonsocial,0
s050,bot,cultural_celebrations,social,0
s050,bot,empathy,social,0
s050,bot,food,nonsocial,0
s050,bot,friendship,social,0
s050,bot,gardening,nonsocial,1
s050,bot,goals,social,0
s050,bot,love,social,2
s050,bot,music,nonsocial,0
s050,bot,nature,nonsocial,1
s050,bot,networks,social,0
s050,bot,space,nonsocial,0
s050,bot,sports,nonsocial,0
s050,bot,teamwork,social,0
s050,bot,technology,nonsocial,1
s050,bot,travel,nonsocial,0
s050,hum,architecture,nonsocial,1
s050,hum,art,nonsocial,0
s050,hum,cars,nonsocial,0
s050,hum,conflict,social,0
s050,hum,exercise,nonsocial,0
s050,hum,family,social,0
s050,hum,fashion,nonsocial,1
s050,hum,forgiveness,social,0
s050,hum,hobbies,social,1
s050,hum,loneliness,social,1
s050,hum,mentorship,social,1
s050,hum,movies,nonsocial,0
s050,hum,photography,nonsocial,0
s050,hum,podcasts,nonsocial,0
s050,hum,role_models,social,0
s050,hum,seasons,nonsocial,0
s050,hum,social_media,social,1
s050,hum,trust,social,1
s050,hum,weather,nonsocial,0
s050,hum,work_life,social,0
